{
  "table_of_contents": [
    {
      "title": "SONIDO \u2192 Onda mec\u00e1nica y longitudinal",
      "heading_level": null,
      "page_id": 0,
      "polygon": [
        [
          83.521484375,
          71.9482421875
        ],
        [
          272.6513366699219,
          70.3037109375
        ],
        [
          272.6513366699219,
          84.08001708984375
        ],
        [
          82.357421875,
          84.08001708984375
        ]
      ]
    },
    {
      "title": "ESPECTRO DE AUDICI\u00d3N",
      "heading_level": null,
      "page_id": 0,
      "polygon": [
        [
          84.103515625,
          94.1494140625
        ],
        [
          196.26608276367188,
          92.5048828125
        ],
        [
          196.26608276367188,
          106.6600341796875
        ],
        [
          84.103515625,
          106.6600341796875
        ]
      ]
    },
    {
      "title": "CARACTER\u00cdSTICAS DEL SONIDO",
      "heading_level": null,
      "page_id": 0,
      "polygon": [
        [
          83.8125,
          154.5859375
        ],
        [
          226.82455444335938,
          152.94140625
        ],
        [
          226.82455444335938,
          166.05999755859375
        ],
        [
          83.8125,
          166.05999755859375
        ]
      ]
    },
    {
      "title": "EFECTO DOPPLER",
      "heading_level": null,
      "page_id": 0,
      "polygon": [
        [
          83.8125,
          282.6099853515625
        ],
        [
          164.4926300048828,
          281.6259765625
        ],
        [
          164.4926300048828,
          293.6500244140625
        ],
        [
          83.8125,
          293.6500244140625
        ]
      ]
    }
  ],
  "page_stats": [
    {
      "page_id": 0,
      "text_extraction_method": "pdftext",
      "block_counts": [
        [
          "Span",
          78
        ],
        [
          "Line",
          26
        ],
        [
          "TableCell",
          24
        ],
        [
          "SectionHeader",
          4
        ],
        [
          "Picture",
          2
        ],
        [
          "Text",
          2
        ],
        [
          "Table",
          1
        ],
        [
          "Caption",
          1
        ],
        [
          "PageFooter",
          1
        ],
        [
          "PictureGroup",
          1
        ]
      ],
      "block_metadata": {
        "llm_request_count": 0,
        "llm_error_count": 0,
        "llm_tokens_used": 0,
        "previous_text": "",
        "previous_type": "",
        "previous_order": 0
      }
    }
  ],
  "debug_data_path": "debug_data/6.- Torpedo - Sonido"
}