{
  "table_of_contents": [
    {
      "title": "LENTES \u2192 REFRACTAN la luz",
      "heading_level": null,
      "page_id": 0,
      "polygon": [
        [
          82.56926952141058,
          70.47907390917186
        ],
        [
          216.93198992443325,
          70.3037109375
        ],
        [
          216.93198992443325,
          83.22528940338378
        ],
        [
          82.357421875,
          83.22528940338378
        ]
      ]
    },
    {
      "title": "RAYOS NOTABLES \u2013 LENTE CONVERGENTE",
      "heading_level": null,
      "page_id": 0,
      "polygon": [
        [
          83.31989924433249,
          92.97239536954585
        ],
        [
          279.2342569269521,
          92.97239536954585
        ],
        [
          279.2342569269521,
          104.96883348174532
        ],
        [
          83.23046875,
          104.96883348174532
        ]
      ]
    },
    {
      "title": "RAYOS NOTABLES \u2013 LENTE DIVERGENTE",
      "heading_level": null,
      "page_id": 0,
      "polygon": [
        [
          82.56926952141058,
          287.1647373107747
        ],
        [
          268.7254408060453,
          287.1647373107747
        ],
        [
          268.7254408060453,
          299.16117542297417
        ],
        [
          82.56926952141058,
          299.16117542297417
        ]
      ]
    },
    {
      "title": "IM\u00c1GENES FORMADAS (Los rayos notables",
      "heading_level": null,
      "page_id": 0,
      "polygon": [
        [
          82.56926952141058,
          480.6073018699911
        ],
        [
          281.48614609571786,
          480.6073018699911
        ],
        [
          281.48614609571786,
          494.85307212822795
        ],
        [
          82.56926952141058,
          494.85307212822795
        ]
      ]
    }
  ],
  "page_stats": [
    {
      "page_id": 0,
      "text_extraction_method": "surya",
      "block_counts": [
        [
          "Line",
          36
        ],
        [
          "Span",
          12
        ],
        [
          "SectionHeader",
          4
        ],
        [
          "Figure",
          3
        ],
        [
          "Caption",
          3
        ],
        [
          "FigureGroup",
          3
        ],
        [
          "Picture",
          1
        ],
        [
          "PageFooter",
          1
        ]
      ],
      "block_metadata": {
        "llm_request_count": 0,
        "llm_error_count": 0,
        "llm_tokens_used": 0,
        "previous_text": "",
        "previous_type": "",
        "previous_order": 0
      }
    },
    {
      "page_id": 1,
      "text_extraction_method": "pdftext",
      "block_counts": [
        [
          "Span",
          35
        ],
        [
          "TableCell",
          18
        ],
        [
          "Line",
          11
        ],
        [
          "Table",
          2
        ],
        [
          "Picture",
          1
        ],
        [
          "PageFooter",
          1
        ]
      ],
      "block_metadata": {
        "llm_request_count": 0,
        "llm_error_count": 0,
        "llm_tokens_used": 0,
        "previous_text": "",
        "previous_type": "",
        "previous_order": 0
      }
    }
  ],
  "debug_data_path": "debug_data/5.- Torpedo - Lentes"
}